Source,Message,Label
2438001000001,"Congratulations! You have won N1,000,000. Claim your prize now!",Spam
2438001000002,You have been selected for a FREE cash reward. Click the link to claim.,Spam
2438001000003,"WIN BIG TODAY! Send your details to receive your N500,000 prize.",Spam
2438001000004,Your account has won a special bonus. Claim before midnight!,Spam
2438001000005,"Congratulations, lucky winner! You have won a brand new smartphone.",Spam
2438001000006,"Get FREE airtime worth N10,000 today. Click here to claim.",Spam
2438001000007,Urgent! Your reward is waiting. Confirm your details to receive it.,Spam
2438001000008,You have won our weekly cash giveaway. Reply YES to claim your prize.,Spam
2438001000009,Exclusive offer! Get a FREE shopping voucher today.,Spam
2438001000010,"Congratulations! Your number was chosen for a N2,000,000 cash prize.",Spam
2438001000011,Claim your bonus now before it expires. Visit our website to collect.,Spam
2438001000012,You are today’s lucky customer! Receive a FREE gift by confirming your information.,Spam
2438001000013,"Your mobile number has won N750,000. Call now to claim your reward.",Spam
2438001000014,Limited-time offer! Get 90% OFF everything today. Act now!,Spam
2438001000015,You have been chosen for a special promotion. Claim your free voucher now.,Spam
2438001000016,Final notice: your prize will be cancelled unless you claim it today.,Spam
2438001000017,"Make money from home! Earn N100,000 every week with no experience.",Spam
2438001000018,Congratulations! You qualify for an instant cash loan. Apply now.,Spam
2438001000019,Your package is waiting. Pay a small delivery fee using the link below.,Spam
2438001000020,Security alert! Verify your account immediately to avoid suspension.,Spam
2438001000021,You have received a surprise reward. Click to open your gift.,Spam
2438001000022,FREE data available! Claim 20GB before the offer ends tonight.,Spam
2438001000023,You’ve been selected for an exclusive investment opportunity. Double your money quickly.,Spam
2438001000024,Your subscription has expired. Confirm your payment details to keep your account active.,Spam
2438001000025,Congratulations! You are one of our lucky winners. Claim your reward immediately.,Spam
2438001000026,Your bank account requires verification. Click this link to prevent restriction.,Spam
2438001000027,Earn huge profits with our secret business opportunity. Join today!,Spam
2438001000028,FREE gift card available for you. Complete this short survey to receive it.,Spam
2438001000029,"Act now! Your N300,000 reward  is about to expire.",Spam
2438001000030,You have been chosen to receive an exclusive prize. Reply CLAIM to continue.,Spam
2348160776575,Can you send me the assignment when you're done?,Not Spam
2348033744391,I'm already on my way. See you soon.,Not Spam
2348057281643,Don't forget to bring the charger tomorrow.,Not Spam
2348094167825,What time is the lecture today?,Not Spam
2348125839047,Are you coming to class tomorrow?,Not Spam
2347062918354,Please send me the notes from today's lecture.,Not Spam
2348147362059,I'm at the shop. Do you need anything?,Not Spam
2348029456173,Call me when you get home.,Not Spam
2349016384725,Did you finish the Python assignment?,Not Spam
2348105273946,I'll meet you at the library after lunch.,Not Spam
2348083649152,Mom asked me to remind you to come home early.,Not Spam
2348137926405,Can you help me with this programming problem?,Not Spam
2348071538264,"The bus is running late, so I'll be there in a few minutes.",Not Spam
2348164407382,Have you seen my USB drive?,Not Spam
2349035819264,What are we having for dinner tonight?,Not Spam
2348016274938,I'll send you the file when I get back to my laptop.,Not Spam
2348119053726,Remember that we have a group meeting at 2pm.,Not Spam
2348064837159,I'm outside the hostel. Can you come downstairs?,Not Spam
2349127640385,Did you submit the form already?,Not Spam
2348152386497,I won't be able to attend class today.,Not Spam
2347046812935,Can you call me after your lecture?,Not Spam
2348183574206,The lecturer moved the test to Friday.,Not Spam
2348096815374,Please remind me to buy bread on my way home.,Not Spam
2347082946153,I'll check the GitHub repository tonight.,Not Spam
2348175208364,Are you free this evening? I wanted to discuss the project.,Not Spam
2349024736815,Your package arrived. I'll bring it when I come over.,Not Spam
2348038442907,Happy birthday! Hope you're having a great day.,Not Spam
2349057164382,Can you send me the address of the new restaurant?,Not Spam
2348106639251,I'll be late for the meeting because of traffic.,Not Spam
2348124077536,"Hey, are we still meeting at 4?",Not Spam
